Metrics;LoadPoint;link; ;rep1;rep2;rep3;rep4;rep5;rep6;rep7;rep8;rep9;rep10
External Fragmentation (Vertical);1;all; ;0.23763393668279192;0.23543265738531033;0.23728289677137537;0.2391659025841457;0.2387177432385007;0.2409860836995772;0.23800743896483045;0.23813256185790307;0.23409184899871627;0.2407010878994117
External Fragmentation (Vertical);2;all; ;0.31861695514155913;0.3216312329936871;0.3194904952375523;0.31052840899764195;0.313560138355631;0.31436860310705533;0.3153209381893502;0.3178619630964365;0.31472786542758885;0.31614140938562085
External Fragmentation (Vertical);3;all; ;0.4074936351335313;0.4055511755954515;0.4012885739168406;0.3991745692766589;0.40545715085133094;0.40077467083256;0.40056563699402864;0.39823035391515504;0.3896376679355734;0.4044003459005941
External Fragmentation (Vertical);4;all; ;0.49490297009060913;0.48292482978991635;0.4873459236228862;0.47893590960375576;0.4810328504040834;0.48842995785429216;0.47779922337391284;0.4895112701419855;0.4819869741660421;0.48331299996976934
External Fragmentation (Vertical);5;all; ;0.547894383907734;0.5521073117726577;0.5486990576067217;0.5562719073374894;0.5552402623340796;0.5556159691610405;0.55518713182663;0.5529914365251987;0.5522827471836453;0.5480284555512757


External Fragmentation (Horizontal);1;all; ;0.17264008437005476;0.17141427702152717;0.17426348730306285;0.1752433437553659;0.1765717543185465;0.17814416749834364;0.1731398257147743;0.1744590807041625;0.16933201131476802;0.17721282810643538
External Fragmentation (Horizontal);2;all; ;0.24480156399526282;0.2484874557422977;0.24629705752105163;0.23586494232079677;0.23717273284267495;0.2409568995611756;0.2400853730068366;0.23959341983883872;0.2374980920586954;0.24029999289932225
External Fragmentation (Horizontal);3;all; ;0.3301024722826859;0.3268205514070335;0.32299424588438563;0.3201147145193848;0.3267001177568255;0.32008755100576797;0.3208479627514259;0.3180915506571967;0.3089396312422305;0.3276021323148567
External Fragmentation (Horizontal);4;all; ;0.4227489656612834;0.4075449561288925;0.41530493471266006;0.4011626329279331;0.4066798486021984;0.41530418212221365;0.4042878759260101;0.416824488169958;0.40540139480595166;0.4105808158877201
External Fragmentation (Horizontal);5;all; ;0.48151389752975293;0.4877004847395721;0.482624574862946;0.489943051905356;0.4886677606197379;0.48892072712715845;0.491216379645189;0.4849859925291058;0.48829540112307157;0.4812396825222844


External Fragmentation Per Link;1;<14-12>; ;0.23799741734254948;0.22976336064244027;0.24019468973993643;0.23276998173992544;0.23346948902581177;0.22929625939161694;0.23334682190334294;0.23145940905423928;0.23070429563211725;0.23809693327541803
External Fragmentation Per Link;1;<4-11>; ;0.25401879033158414;0.26548023124565234;0.2688833636687831;0.2702973807735299;0.2596572373229676;0.2622886450075195;0.257012362426921;0.26336859674725;0.25065514826566826;0.26482589407596907
External Fragmentation Per Link;1;<6-14>; ;0.20764536388915106;0.2091834029557256;0.20810809055859542;0.21020065030781576;0.20560350098174535;0.2055715552909569;0.2049096451853921;0.20597907770455;0.20721442990666375;0.2076026888931545
External Fragmentation Per Link;1;<12-11>; ;0.2954267665642387;0.28174025074643444;0.28880334837826366;0.2804876733667406;0.29301849181618733;0.295365491283871;0.2917710581730609;0.2881020525964534;0.28297586518764295;0.2878580232608085
External Fragmentation Per Link;1;<12-14>; ;0.26413954473526874;0.27994379269199915;0.28075579023354874;0.2765179577571073;0.2716719331523455;0.2672387637127145;0.2610214619276983;0.2806824808539288;0.2666070784227675;0.2821519241295997
External Fragmentation Per Link;1;<14-13>; ;0.2705469274625812;0.26861265486150454;0.2654791891518362;0.26552316591416225;0.2602628721551905;0.2725420890230619;0.2707434601907533;0.27848304963890436;0.2713570466703543;0.27905544033898305
External Fragmentation Per Link;1;<6-10>; ;0.21237067330258655;0.22110717528574142;0.21280533526073964;0.21956731038681754;0.21425731608504556;0.2166823270279133;0.2194376849872713;0.21522129220870698;0.2137929846509041;0.22821391814253922
External Fragmentation Per Link;1;<11-4>; ;0.26417125511058015;0.2589896748104368;0.2615987532483322;0.2580787713910235;0.26236768008811867;0.27158149010633614;0.25905082473303165;0.261238659127301;0.2648416636743032;0.26905611714961414
External Fragmentation Per Link;1;<1-2>; ;0.2248619492785925;0.22835434275394095;0.22898761534211098;0.23256875560261064;0.23512390641695885;0.22780043902027342;0.2182574317938213;0.2275107432196719;0.23024315558644637;0.2279472296252151
External Fragmentation Per Link;1;<2-1>; ;0.23050463875610455;0.23026516715271036;0.2250152362919463;0.23746542553867603;0.22909541345016354;0.23666452336132163;0.2333581958138971;0.2326219424349601;0.2234156552651518;0.22680487409564712
External Fragmentation Per Link;1;<1-3>; ;0.15592122934140967;0.14892476960637363;0.14417684344765583;0.13900278752697456;0.15052508161830225;0.14440030516318825;0.16022805572642204;0.1430871870028431;0.14400038495707074;0.149246066493191
External Fragmentation Per Link;1;<3-1>; ;0.1609118177613585;0.15741063766036886;0.1463472526574433;0.15047974142885887;0.15196422892203257;0.17180711076636698;0.1550153539274316;0.15588479172358524;0.15226567773634697;0.1610201623874867
External Fragmentation Per Link;1;<2-3>; ;0.22826104220529003;0.23223062981655057;0.2214418937195956;0.23079586203949493;0.22152906440868794;0.2388592362530675;0.23173561103382526;0.23731634997789003;0.2310552340404888;0.23049186415151168
External Fragmentation Per Link;1;<3-2>; ;0.22782700920421414;0.2290398682735531;0.23056827589322343;0.2404321581124485;0.22618199702865788;0.23673258540529418;0.24079046901240456;0.23334417464756368;0.22644127199169362;0.237688674300817
External Fragmentation Per Link;1;<13-9>; ;0.2393346546292982;0.23890871657660015;0.24339244732787427;0.23934379683295945;0.24280626685666;0.24023568817041074;0.24944655555000259;0.24093029814002082;0.2396538161039477;0.23568917355816313
External Fragmentation Per Link;1;<2-4>; ;0.24539951573602312;0.2635816491886767;0.2631388806176026;0.26680306689248795;0.25879468172590125;0.2522524786618487;0.2501435531878527;0.2602690568132595;0.2504133825255285;0.2576765157597221
External Fragmentation Per Link;1;<4-2>; ;0.26329299330370515;0.2510579351360574;0.2614074625791775;0.2542715261711936;0.2594122501290121;0.27131407777156014;0.24915028019706173;0.2539169600415329;0.2486337065567964;0.257783503804394
External Fragmentation Per Link;1;<12-9>; ;0.25215020311941805;0.24200227187091217;0.2505477701500574;0.25464114999172277;0.25743441668066097;0.25805958149221275;0.2511425912550613;0.2403025733326703;0.24774923606074012;0.2532499395586175
External Fragmentation Per Link;1;<14-6>; ;0.21481028808786268;0.20703217031453225;0.20100339526657313;0.21408865014990616;0.21035944328362263;0.22164628195410332;0.21527277289261976;0.2078957983679853;0.21291550545708068;0.20138110966474895
External Fragmentation Per Link;1;<1-8>; ;0.24127232382626798;0.23925579173616024;0.2380660849737284;0.2519642831705227;0.24970727324473513;0.24182923270314374;0.24119923145148528;0.2497271669779019;0.23492507039040575;0.24484476754432066
External Fragmentation Per Link;1;<3-6>; ;0.19287585181140834;0.19939633484616856;0.19099774142758444;0.19477030010273375;0.19557835845707255;0.19409971654977234;0.1960007800204693;0.19765986773669084;0.19530654948723564;0.20061170842210954
External Fragmentation Per Link;1;<4-5>; ;0.25863286272070746;0.257073269774078;0.2617325831464786;0.2677149393083939;0.2711354550299806;0.2611044408045016;0.2625699624212567;0.2525304375685914;0.2637190200782775;0.2648537223344141
External Fragmentation Per Link;1;<5-4>; ;0.2665473784915777;0.256719997393253;0.2638983128350037;0.26153381983851137;0.2600845160260528;0.27666679437855257;0.26062385382043757;0.25902830860316095;0.2512859790614381;0.25438372395295655
External Fragmentation Per Link;1;<6-3>; ;0.2007991274210692;0.18730740941150958;0.19271587224043238;0.19504703306479707;0.2038207067516042;0.20203035826204893;0.19886318236530298;0.19711777797393903;0.19444235945093402;0.19454828352322373
External Fragmentation Per Link;1;<8-1>; ;0.23714053101811144;0.22815945399240956;0.2362469227955379;0.2336341576656056;0.24936591830729965;0.23848677282135355;0.2443440069560786;0.23334110446743803;0.23084387672230816;0.23791184072176041
External Fragmentation Per Link;1;<10-9>; ;0.2082987424995919;0.20710474775657384;0.21635189255722506;0.21977529150203062;0.206143067045076;0.20141717941702228;0.21499858395222377;0.2213507892202973;0.20402753398474652;0.21666885488043008
External Fragmentation Per Link;1;<5-6>; ;0.20046097510003574;0.19325593133346575;0.19575375097546752;0.19145085515169696;0.202995442911724;0.1980960029797779;0.1893964906097562;0.20068889043436364;0.1936484162203425;0.20230214992416506
External Fragmentation Per Link;1;<6-5>; ;0.19226456504154235;0.1917992774990361;0.18513457093186;0.1968329062047606;0.19058404105014115;0.20546822798579095;0.2047648904989589;0.19944578096386945;0.19979900202512152;0.19886547083625108
External Fragmentation Per Link;1;<10-7>; ;0.23337749124948873;0.216543935248271;0.22445062627087078;0.2278892770583407;0.2303504904230994;0.2336111712679894;0.2307953504331167;0.21681486037079728;0.21902548084680198;0.23697246358796342
External Fragmentation Per Link;1;<5-7>; ;0.2533421684986787;0.2578165431119791;0.2632780583782072;0.2672598301858215;0.25980639292324137;0.2590015015417668;0.2619520952464541;0.26020683768012404;0.2567350857940482;0.26696476212898107
External Fragmentation Per Link;1;<7-5>; ;0.265081525070467;0.2556427629395802;0.259928759060889;0.25216673018124935;0.25324733257609644;0.27561805697892056;0.2521539457168223;0.25896128624741305;0.25250688430500695;0.2527139145882769
External Fragmentation Per Link;1;<10-6>; ;0.2147638944074717;0.21550049538174165;0.21463203383807022;0.216440746295092;0.21740255386376472;0.22012445186283375;0.22508082879555774;0.21732616308517097;0.21504254441087817;0.2182695352126272
External Fragmentation Per Link;1;<13-11>; ;0.29610815870591994;0.29308349015643237;0.2903305180412919;0.2938637713482365;0.2896148081701396;0.2942131767602409;0.286381361120656;0.2978742080917996;0.29283816646924465;0.30201867231667173
External Fragmentation Per Link;1;<7-8>; ;0.25955394183035735;0.25800255583297105;0.25865489101408556;0.2717401304284485;0.26545742421190655;0.26165708825307327;0.2606511530635922;0.26482656244796443;0.2534965218001231;0.26880462906490465
External Fragmentation Per Link;1;<8-7>; ;0.2640785034186899;0.2523907028413015;0.25988814285574074;0.25235706846272676;0.2531229049620042;0.27158577293446556;0.2579588366733383;0.25633906104912063;0.25062216169391305;0.2546753978829703
External Fragmentation Per Link;1;<13-14>; ;0.2473552867057542;0.24403648736978673;0.24309075990832052;0.24499587209494908;0.25062602836375525;0.25191731974275083;0.2490445267337746;0.2459012398019454;0.24014699905094228;0.2481316347547475
External Fragmentation Per Link;1;<8-9>; ;0.2391995382092324;0.24118201233747813;0.237251423230049;0.24646346220029086;0.2480921138261516;0.24392611005690196;0.238943717608538;0.24723341780225283;0.23751720894857317;0.24710437369167063
External Fragmentation Per Link;1;<9-8>; ;0.24068285596681474;0.2351213506758701;0.24192219842746251;0.23982359071075354;0.2430683228192721;0.2551816136471833;0.2440158970148545;0.24302327943309004;0.23877928889561417;0.24197770726244336
External Fragmentation Per Link;1;<11-13>; ;0.27245362040227405;0.2716296614485733;0.2837939993059573;0.27115582582026804;0.27662428162169395;0.27961384274472145;0.2775239501332219;0.2784352567679988;0.2678193615473029;0.282528668510516
External Fragmentation Per Link;1;<11-12>; ;0.2962017790008308;0.3020820290466756;0.3047120762666997;0.3083594439821669;0.3046436384341616;0.29503940770215104;0.2923480306586513;0.3029187355699439;0.29381097863879413;0.306740744714439
External Fragmentation Per Link;1;<9-10>; ;0.2110111473965787;0.20351159009384892;0.21757417735736576;0.20948716510384693;0.2144746004957626;0.21346339048306298;0.21739316304776676;0.2020035227253867;0.21122160092225875;0.213487332639504
External Fragmentation Per Link;1;<7-10>; ;0.22296647910797995;0.22147698766685947;0.2262382195346102;0.23324123717073206;0.22063450768639126;0.2180500608017232;0.22888877248346914;0.22603108064551097;0.22650853725177994;0.23667038033724175
External Fragmentation Per Link;1;<9-13>; ;0.24443846429747867;0.23803005513126183;0.238791098529043;0.24400453275427184;0.24402956042027163;0.24468996230250895;0.23965329436611923;0.2386917948318686;0.23434376957962466;0.24433271572160578
External Fragmentation Per Link;1;<9-12>; ;0.2473939216830214;0.24928535033832974;0.25235711050524895;0.2579916319719395;0.25943569172478526;0.24615710093561569;0.24494721934299984;0.2527407976178821;0.2466934196761944;0.2586243603545374
External Fragmentation Per Link;2;<14-12>; ;0.3077794274638416;0.30721661240925563;0.3051473141982548;0.31363338425717524;0.30745792988682585;0.3131283554272333;0.31247511429528346;0.3106863782644835;0.31067396049405716;0.3105629186536678
External Fragmentation Per Link;2;<4-11>; ;0.35845787607225366;0.3607155657500357;0.3690393301228381;0.3575744223201583;0.3560181119132629;0.35040815308273093;0.3519324009653772;0.35369544023399774;0.33841257430236915;0.3575863349926111
External Fragmentation Per Link;2;<6-14>; ;0.276186024182944;0.27908433325999593;0.27253876681425454;0.2679206908819038;0.2687058307713972;0.27263930231481054;0.28576494773055366;0.28108735429669085;0.27521347562918164;0.2781376151796009
External Fragmentation Per Link;2;<12-11>; ;0.3857387642203506;0.373502979574727;0.3884492583811308;0.3706565268376562;0.3695000092239675;0.3838825641084332;0.37575342802793543;0.3743729425436961;0.3826532531879425;0.3774925959417895
External Fragmentation Per Link;2;<12-14>; ;0.36036277520643095;0.3579223831888814;0.3704186249126064;0.36184926519718275;0.36124631574631927;0.3643268356721896;0.36422895689181656;0.36619000472172736;0.35663107935745963;0.3675337278378942
External Fragmentation Per Link;2;<14-13>; ;0.3624133283837077;0.36450684649954435;0.3669014811709863;0.34201795457579204;0.35208448946588383;0.35937135491653766;0.35331245090776997;0.35652273569039855;0.36171831526871795;0.3520909343882829
External Fragmentation Per Link;2;<6-10>; ;0.2838015879685278;0.29495047628402243;0.2799142193154434;0.28530918223417706;0.2824710159818847;0.2823644562829695;0.2964557421342203;0.2869811644035811;0.28931385998934667;0.282359290460777
External Fragmentation Per Link;2;<11-4>; ;0.3615557009780781;0.361634687056464;0.36823184821764765;0.34509564993084546;0.34012049378550563;0.35450145962354446;0.35161589479849026;0.34253220486028835;0.35263303457480716;0.3494080089368833
External Fragmentation Per Link;2;<1-2>; ;0.3304631439304302;0.31927237198000935;0.3122832416948645;0.31425334432969937;0.30541140412962414;0.30492654212930353;0.3145772462499047;0.31980212847733935;0.31162224018417317;0.30757180777651655
External Fragmentation Per Link;2;<2-1>; ;0.3237810717541447;0.31240757268439173;0.31535629857071573;0.3029854886312843;0.30414984092622666;0.29698896714659023;0.29597497614507845;0.31318698543829787;0.3156538654320703;0.31570461848560405
External Fragmentation Per Link;2;<1-3>; ;0.1995578494919015;0.21040479722181285;0.2058827949519344;0.2047656493832461;0.20111183987979633;0.19867227563634446;0.19338521436787875;0.20091736741507585;0.1819947515586111;0.20067169245518562
External Fragmentation Per Link;2;<3-1>; ;0.20382815974075114;0.2338166680971036;0.2095852332147596;0.19701384832987653;0.20769125591677817;0.20727994729804375;0.19970597162664547;0.21512329206754868;0.2258953705827871;0.22188980125331975
External Fragmentation Per Link;2;<2-3>; ;0.2952547789460521;0.3059651314447789;0.30701086737768435;0.2988024691790714;0.3128115287452424;0.3155153101945143;0.31408601057673535;0.2961982081340455;0.31687188997129717;0.31054600577476205
External Fragmentation Per Link;2;<3-2>; ;0.29794789241642683;0.31116915384274463;0.2920358278430404;0.30298544742665406;0.30823926874066776;0.29807525008945257;0.2990438315261183;0.31073763181567265;0.3053985730093571;0.3043547064406871
External Fragmentation Per Link;2;<13-9>; ;0.32234880237757163;0.32000932015911343;0.3171660325169455;0.30676341517358313;0.3158476738724891;0.3215672778382674;0.31517871284845833;0.31102438104804847;0.32639272728670027;0.3067713963165614
External Fragmentation Per Link;2;<2-4>; ;0.3630811786738411;0.3664244927858073;0.364020870786408;0.36095587080113745;0.3554244965208795;0.3525036617458705;0.34304373011692246;0.36265026938554373;0.339413988448277;0.3569578978435642
External Fragmentation Per Link;2;<4-2>; ;0.3588560923297417;0.3449153691101427;0.35457413375156294;0.33472795140896333;0.3401543840406106;0.34583376053694287;0.3431052972353889;0.33498481444803807;0.3476030352626396;0.34013954453686157
External Fragmentation Per Link;2;<12-9>; ;0.31550385885261406;0.3260027233031697;0.33648671415660286;0.32923309561212094;0.328938206899668;0.32923753327515004;0.33648088213371996;0.33133699943825695;0.32615793182406677;0.33926104421718306
External Fragmentation Per Link;2;<14-6>; ;0.28173334445690446;0.2785200269883965;0.28955859325068495;0.2859871563332811;0.28435122957945347;0.27375564957240356;0.2699531348132131;0.28204126501062937;0.28140179983159813;0.28588065745737085
External Fragmentation Per Link;2;<1-8>; ;0.32311464046014515;0.32474081055843373;0.32740473036729767;0.306839059118436;0.3256684973164626;0.3078965525847627;0.32246439300233215;0.31550065289130297;0.31981339771201683;0.3201528253399383
External Fragmentation Per Link;2;<3-6>; ;0.24987213726273197;0.2748901612313134;0.2600737384991509;0.2572012783720169;0.255816589201367;0.25358664978474393;0.26883413008496726;0.26101299887023277;0.26057929238891203;0.264285009242903
External Fragmentation Per Link;2;<4-5>; ;0.3560899138304673;0.3583724376230503;0.34348805179862657;0.3427040638514429;0.33850576425420226;0.35370679140846834;0.3450449484624853;0.3593149462980867;0.34340304438210095;0.34551219274226036
External Fragmentation Per Link;2;<5-4>; ;0.3533848871653109;0.3520277775592284;0.34928871011077217;0.33446121647947497;0.3412714520370384;0.3430161395776058;0.3449212528239099;0.3427899985031172;0.34311789027820117;0.3382788828787159
External Fragmentation Per Link;2;<6-3>; ;0.25723090496007855;0.2573393571722183;0.26469518299649036;0.263893154628735;0.25937320487182874;0.25378950598361366;0.2577732419499026;0.26879808400594135;0.25648927147110806;0.26395363461933347
External Fragmentation Per Link;2;<8-1>; ;0.329057064445477;0.32518493007754173;0.3208261019200761;0.3042588669260743;0.3210199462082848;0.31789505887312663;0.32156028642852974;0.3154986133334115;0.32550229257142194;0.31887898500298134
External Fragmentation Per Link;2;<10-9>; ;0.2797375416986332;0.2814241074003751;0.27288658414790834;0.269622353392124;0.27570280333569824;0.27730398328928046;0.27858740246184577;0.28927075933668867;0.27332597309165974;0.2813671385537925
External Fragmentation Per Link;2;<5-6>; ;0.26862437004870793;0.2584116730741715;0.2573621990250868;0.2488581474643903;0.24342718618201448;0.2545859888636324;0.25484809054498947;0.26581162061730496;0.2659828758456318;0.2662081766310294
External Fragmentation Per Link;2;<6-5>; ;0.2574999782409636;0.2713989852623181;0.2614497922399565;0.25706393606484745;0.26497313380853726;0.2669672806556345;0.26598568752467444;0.26009952803645;0.2566516820708534;0.25691829251446174
External Fragmentation Per Link;2;<10-7>; ;0.2949031155206209;0.3007349018862002;0.28659310953684775;0.28494297700471377;0.29963938254145017;0.29726209335059606;0.2967436576786181;0.30629680599838466;0.2998051478583716;0.29392925354419436
External Fragmentation Per Link;2;<5-7>; ;0.36027778439069597;0.3652016340907986;0.34679551835830613;0.3427954253027154;0.3462779347007736;0.3434717856365461;0.3407854580724658;0.3531299598791514;0.3364820415585839;0.3376086483192316
External Fragmentation Per Link;2;<7-5>; ;0.3468390309383145;0.3481568178563186;0.3466654112707248;0.33171137608792844;0.335525486409243;0.33846687577715345;0.3454523452354579;0.33214693098478965;0.34628387537111066;0.3416217855518668
External Fragmentation Per Link;2;<10-6>; ;0.2866761029245224;0.29331332428578993;0.29338193157512216;0.2888141692136013;0.2809906482610369;0.27104780321572824;0.2771350699398815;0.2907611160930178;0.2821929806807425;0.2967190788446778
External Fragmentation Per Link;2;<13-11>; ;0.3925398059968924;0.394876198799697;0.4002835441795127;0.3795996622489051;0.3853569708579445;0.38908846908832506;0.396689152937084;0.3847740118170064;0.3957767857309819;0.3821416439189345
External Fragmentation Per Link;2;<7-8>; ;0.3566865412288633;0.36301705931796824;0.3480771394408612;0.3394304025150564;0.3400740286543364;0.34869595426702304;0.34161825667869605;0.3594957860809542;0.3339744201963716;0.33156786238614927
External Fragmentation Per Link;2;<8-7>; ;0.3452024676798539;0.34791328954219153;0.34451440924379856;0.3258205499739609;0.34011892168397273;0.33886706508765374;0.3462724161988664;0.32782743256328867;0.3420623595761524;0.3324369196248705
External Fragmentation Per Link;2;<13-14>; ;0.3293290249896581;0.33319976722221356;0.32294212278306017;0.3161969561997876;0.3210500333959346;0.32457652364144546;0.32555616574096813;0.3283957392637682;0.3139150742191518;0.3324084762742938
External Fragmentation Per Link;2;<8-9>; ;0.33461482644838453;0.3342314609284403;0.3364021101007752;0.3131337796741061;0.3277356168168047;0.33035454342396725;0.3149786944056872;0.33225494650906895;0.3141149632708217;0.3149850695699281
External Fragmentation Per Link;2;<9-8>; ;0.3268481353677062;0.3218404532020759;0.3274769934026066;0.3078095294978671;0.3169679995615726;0.32152294406466714;0.3238980086041066;0.32097917136038057;0.32441722084039076;0.3205144110910263
External Fragmentation Per Link;2;<11-13>; ;0.3558502427063058;0.3832914009317657;0.37803230216596045;0.35997555946702864;0.375613324887904;0.3700613835173148;0.37950597749837855;0.3725705607102348;0.37373791050321;0.36804332564831593
External Fragmentation Per Link;2;<11-12>; ;0.39769796123443;0.4048020248286592;0.41440290542698704;0.4016411332305371;0.3899846529472327;0.3974407457895611;0.3969865874184142;0.40217365863120447;0.38132047824360177;0.4066441830047165
External Fragmentation Per Link;2;<9-10>; ;0.27769323149837893;0.2704148747754058;0.2784485460075883;0.26546102359798257;0.2706339021428945;0.2640535351811177;0.27170214140342425;0.2862920476123826;0.2777947808855261;0.27977392746560026
External Fragmentation Per Link;2;<7-10>; ;0.2969602056570007;0.2923691580216438;0.2953536615069274;0.2920587713785705;0.2901359759436076;0.29507352581597984;0.295835905543316;0.30423761752107903;0.29729112875550406;0.295856739796392
External Fragmentation Per Link;2;<9-13>; ;0.31496648384920883;0.33300237664284493;0.3115693029506922;0.31699214708323614;0.321095434537541;0.3170385342754395;0.31831569484037925;0.3252462814434918;0.31037549281023175;0.326513448478963
External Fragmentation Per Link;2;<9-12>; ;0.3387979702388814;0.3331777577916687;0.34456624014896897;0.32943364427907024;0.327951871063905;0.3314701466659795;0.32655237146073113;0.3311755401893712;0.32795997230581647;0.3289815029738405
External Fragmentation Per Link;3;<14-12>; ;0.3919825850893093;0.4048983946312351;0.3955010017541349;0.3900257684439792;0.3968750684523859;0.39250633600284957;0.39020935651660443;0.3992141827891086;0.367654849740828;0.38607170442020544
External Fragmentation Per Link;3;<4-11>; ;0.4686367408325499;0.4694388406232003;0.45597435469526404;0.47207197292215286;0.4626051832475026;0.4506163934499547;0.4598023801453499;0.46254687004999157;0.44160957721508104;0.46920040203392277
External Fragmentation Per Link;3;<6-14>; ;0.34555252642157025;0.3621903053067395;0.3410996550326111;0.34456543283674895;0.343795651170155;0.3423150998077265;0.33924275119224434;0.358866622173346;0.3420694954326232;0.3538828040920168
External Fragmentation Per Link;3;<12-11>; ;0.47656085406212173;0.4850977557356768;0.4815519917131855;0.46332840984854806;0.4789097576678002;0.48824324805082114;0.4723729394047101;0.4744334284653788;0.4719652561849282;0.47430596591157026
External Fragmentation Per Link;3;<12-14>; ;0.4509076745424844;0.46044089985118253;0.4593149125423801;0.45834272036980767;0.45375481631613657;0.44973965177010633;0.45806100044714076;0.44894155910379935;0.44045222128298384;0.47157842138981865
External Fragmentation Per Link;3;<14-13>; ;0.45487418557439946;0.45203712037620025;0.4543097399121134;0.4386132959649054;0.46781280091961647;0.45234941099738096;0.4497748602203807;0.4428701135591812;0.43715275498391015;0.44910019821081754
External Fragmentation Per Link;3;<6-10>; ;0.37783167362469117;0.3778877009439984;0.36099120718529626;0.3633530640242249;0.3600623506025988;0.3706100458933164;0.38006735883670406;0.36129358111423593;0.35013534557883397;0.36866232812574296
External Fragmentation Per Link;3;<11-4>; ;0.4679361418310644;0.4479643707262652;0.4645419509675505;0.45321799191264;0.4696615875999632;0.46184496239550865;0.46057071121265625;0.44904701615558823;0.43199757255237575;0.4571354126249039
External Fragmentation Per Link;3;<1-2>; ;0.39606969169304757;0.3808928419357039;0.36837860342693707;0.3842081650120415;0.36333993457777214;0.3987127694236294;0.37783100469570907;0.3704461951730188;0.37076296674833353;0.39714003925388497
External Fragmentation Per Link;3;<2-1>; ;0.3717943309719668;0.39005056069411953;0.3637185361357933;0.37199789452777415;0.40641539441836433;0.3748556639256141;0.3800906831674795;0.3756237746539091;0.3815609346250298;0.3756921557005278
External Fragmentation Per Link;3;<1-3>; ;0.2591892024078353;0.2585432265617824;0.2538836957632524;0.2521839231443286;0.2515360402317306;0.26190942514752563;0.2684979094035721;0.26165284418092677;0.24665187966107713;0.27429341499278864
External Fragmentation Per Link;3;<3-1>; ;0.27107441195360793;0.2735872617823179;0.27115614910617075;0.26277427260711284;0.27060507184351;0.26610572078463723;0.26051262540499703;0.26557894310705027;0.26701653218020655;0.26671812065723466
External Fragmentation Per Link;3;<2-3>; ;0.37968317454833256;0.40289139374455496;0.380147166317351;0.3840475763259739;0.3966200371792012;0.3767540268786914;0.3802326269562492;0.3919307660681767;0.3775770585783077;0.3878508505475999
External Fragmentation Per Link;3;<3-2>; ;0.39538233773353654;0.39617169323282964;0.39689075283978253;0.38805190090026787;0.38941281562005814;0.39671759143655994;0.38895671750767097;0.39363518329329517;0.37549998932356393;0.39361829477794774
External Fragmentation Per Link;3;<13-9>; ;0.4048793246862302;0.40449672181690705;0.40017406148610024;0.3902803211254114;0.41731286823643393;0.41648268821455015;0.4045245698053048;0.3970950236217249;0.38900375217667665;0.40032092682750786
External Fragmentation Per Link;3;<2-4>; ;0.46444721820005946;0.46421282108916495;0.443104488587677;0.47242156438981436;0.4453851762345141;0.4491286015994889;0.45788622912023696;0.4597972877978153;0.4453085476854498;0.4784650765159328
External Fragmentation Per Link;3;<4-2>; ;0.47061980627290007;0.45410405166394596;0.4549676233707895;0.4497684402813637;0.4662441127427588;0.4543039224513002;0.461752540710222;0.44522816916396873;0.4435155260247837;0.4529583946283988
External Fragmentation Per Link;3;<12-9>; ;0.43219455924320965;0.42249907506053647;0.4185106955020647;0.42098192967609593;0.4290357038586018;0.4160983548789182;0.421741326682008;0.411529699742767;0.411131942584995;0.41255077434567927
External Fragmentation Per Link;3;<14-6>; ;0.37274267831375857;0.3678403906109689;0.37985180985906425;0.3697917834211816;0.37667883014633363;0.3563788238122118;0.34816037698263674;0.35287023459568917;0.3549631830907723;0.3619807468988106
External Fragmentation Per Link;3;<1-8>; ;0.4143671608697125;0.41432588767675155;0.413217395768454;0.38898635362970324;0.3915054574826062;0.415389625560377;0.3939217984241166;0.4053296292047253;0.37819054561125975;0.40210253422987186
External Fragmentation Per Link;3;<3-6>; ;0.3377566060740282;0.3473058403351574;0.33591533740220775;0.34372803171112926;0.3356483276375097;0.3272482029163665;0.33718701868134443;0.33133628140730215;0.3221643719308879;0.3404317912499681
External Fragmentation Per Link;3;<4-5>; ;0.44740025500343417;0.42165952678856683;0.4322535576802774;0.4417674922902708;0.43981906427285306;0.43901229054257507;0.43974099497248426;0.43693831140627054;0.4219052563382196;0.4489626688411103
External Fragmentation Per Link;3;<5-4>; ;0.4447847003045006;0.43738793015104416;0.459845140062201;0.43167897398305205;0.44615833885179895;0.41553443829728737;0.43351177231117727;0.42960539378022183;0.4243548852367114;0.4332551534158105
External Fragmentation Per Link;3;<6-3>; ;0.3462592175739456;0.3328229265603483;0.3441587720863121;0.33523240906982665;0.3430107852015568;0.3344897826631355;0.33020113644643745;0.33014604072606096;0.33928042212192566;0.34965484880642944
External Fragmentation Per Link;3;<8-1>; ;0.4176741525133181;0.39740449905308284;0.40996164987065226;0.40177570507711596;0.4101087582103882;0.40814255161367163;0.40038690763816476;0.3906278153647918;0.39241147263779924;0.4005155588339436
External Fragmentation Per Link;3;<10-9>; ;0.36279161298736584;0.37762205541446087;0.35295095910109264;0.360889756459298;0.35275914545760256;0.36890042549267504;0.3557174142699244;0.35417938034828284;0.3532431034881916;0.35893843456107555
External Fragmentation Per Link;3;<5-6>; ;0.3172789445977048;0.33514815852013485;0.32432461084236175;0.32576031715637377;0.3195442487552352;0.3155007449528489;0.33095009868255343;0.32575073132428267;0.32101986042995145;0.32443500022771865
External Fragmentation Per Link;3;<6-5>; ;0.34387115369940585;0.3266492765628615;0.32639732577405234;0.3265574237419179;0.31582808321113215;0.30827516336829625;0.3274891350712639;0.3273040295134578;0.3160512269924409;0.34283257216463703
External Fragmentation Per Link;3;<10-7>; ;0.37843463735848476;0.38107049071348303;0.36164560264442147;0.37663118619057223;0.38825841526440247;0.3726528693006302;0.37306150916153574;0.3639239087281487;0.3604978233148492;0.35965001541739877
External Fragmentation Per Link;3;<5-7>; ;0.44684910036244896;0.4248789161140728;0.4319694774364745;0.43831688360017734;0.44069679305162035;0.44296913640246366;0.4374304013455667;0.43177380160421963;0.43510036992490553;0.4566561399225607
External Fragmentation Per Link;3;<7-5>; ;0.44453742157489884;0.4332016494410034;0.44609244069333837;0.43610385219237024;0.43614826393913364;0.4130757580922422;0.4309462985945233;0.42815722726973576;0.4255488257989441;0.4402751964078585
External Fragmentation Per Link;3;<10-6>; ;0.3637003913724061;0.37355855833238705;0.3619108375048362;0.37130484187794405;0.3796863212142153;0.36271990314245933;0.36367119873031417;0.36232608653093895;0.35474191785696163;0.37030273168278216
External Fragmentation Per Link;3;<13-11>; ;0.49448384583955035;0.4853735786023094;0.4946084331456655;0.482496394309824;0.5121563472328063;0.4942601888502791;0.49864358882912907;0.4772707178389165;0.4785001583175846;0.48651603967712065
External Fragmentation Per Link;3;<7-8>; ;0.4460066810388788;0.4361952246868008;0.4280917551698881;0.43696548036831506;0.43495890686617306;0.44494694243873306;0.4361737098136931;0.42603892738141264;0.4083893043556538;0.44397672895393375
External Fragmentation Per Link;3;<8-7>; ;0.4333324875441703;0.4370687588309337;0.43177704345354634;0.4237544004006247;0.4419784960330002;0.4107540264016285;0.4352871017621794;0.4153343991801684;0.41456999460624583;0.43146714177277234
External Fragmentation Per Link;3;<13-14>; ;0.4282203493734957;0.41796022750097256;0.41309085708423765;0.40408676953749617;0.41729828638029204;0.4075595226914328;0.40685405934922175;0.4153671757367168;0.4001804562386765;0.41739893641624976
External Fragmentation Per Link;3;<8-9>; ;0.43289507758830026;0.4205434118536822;0.41407751942490295;0.42114066735955513;0.4221627673507558;0.42344053709223883;0.41282959945595127;0.4108149277337882;0.40104671383562984;0.4317837652068966
External Fragmentation Per Link;3;<9-8>; ;0.430146806958742;0.4161561163755094;0.42727265465373987;0.4084450661041499;0.4270209112965404;0.40765475476809954;0.4189010388783091;0.4086867807455603;0.40916828931649657;0.41792051981748796
External Fragmentation Per Link;3;<11-13>; ;0.4722066726408259;0.45943738660449235;0.4631194287141488;0.4478857136961651;0.45199042546390433;0.46758188469570316;0.4570666575021538;0.4706788034674947;0.4576535014347568;0.4757499528912644
External Fragmentation Per Link;3;<11-12>; ;0.5084525761408322;0.5218814018492297;0.4991993430061793;0.5105885554066728;0.5013591711233728;0.4988606014079869;0.5028336214050367;0.5061059851410256;0.48486239364529243;0.5141349776958507
External Fragmentation Per Link;3;<9-10>; ;0.3448337833206537;0.35262499908275274;0.3444504805171061;0.34131199838661846;0.36280233804570905;0.348722788319639;0.3496097621947644;0.3372866976207651;0.34395489711620797;0.33166502261038106
External Fragmentation Per Link;3;<7-10>; ;0.37600168658750216;0.38273733562151824;0.3665449787951354;0.3739581504955151;0.3882460999284034;0.3843342076484166;0.3684351803807831;0.3820516280733605;0.3569437811597294;0.3601184996772288
External Fragmentation Per Link;3;<9-13>; ;0.41814940009605256;0.40962062228733653;0.411256387605621;0.4004883187250935;0.41420440059871;0.4183940561234467;0.40911565125328925;0.41363944147573944;0.3911800066017235;0.40817728104494255
External Fragmentation Per Link;3;<9-12>; ;0.4269261064525428;0.426371520853596;0.41849686770705713;0.4037998786690667;0.42070128352330227;0.427992376929413;0.41463440417179576;0.4188599558550441;0.4070684252035171;0.41516767614598876
External Fragmentation Per Link;4;<14-12>; ;0.48365225793898936;0.47829553122190477;0.4769456180276108;0.45981865544719147;0.4795308331404772;0.48172690246867084;0.46623637086589237;0.4716281953951398;0.4703208661555892;0.4743216848481141
External Fragmentation Per Link;4;<4-11>; ;0.5751526027680626;0.5599517538685318;0.5618314171061546;0.5659258609731125;0.5483209129486669;0.5610095741843629;0.5520127054606255;0.5632977637327354;0.5633376303106986;0.562746837776594
External Fragmentation Per Link;4;<6-14>; ;0.43936236102215753;0.4414896244429982;0.43362526679706753;0.4291464070074376;0.4289538179992684;0.4480179551199468;0.4027856205529219;0.4360414649063212;0.42287989728898306;0.4276656436745195
External Fragmentation Per Link;4;<12-11>; ;0.5787368599683944;0.5697831210681593;0.561002338435434;0.5613623571189028;0.5737588349632757;0.5730571792285926;0.550260473518774;0.5756306553296817;0.558125026486223;0.5580408118899559
External Fragmentation Per Link;4;<12-14>; ;0.5378104989480443;0.5399573641241349;0.5406318191605518;0.5233127068938506;0.5248291709573902;0.5302491021702188;0.5246943169958803;0.533256471318884;0.5337537231086298;0.5463074839807697
External Fragmentation Per Link;4;<14-13>; ;0.5418994868672187;0.5350142160948775;0.5467082697506752;0.5079610180731966;0.5427632655741139;0.5419241039925068;0.5350651194004854;0.5443744016023634;0.5427094120358623;0.5411435433333632
External Fragmentation Per Link;4;<6-10>; ;0.45340297144015246;0.45202015158740194;0.43737727976391666;0.4391458739161402;0.4323456564143715;0.4545939209834823;0.4335158349361565;0.4591374792742592;0.4422232423086252;0.4414751626971506
External Fragmentation Per Link;4;<11-4>; ;0.5872601966736714;0.559827510167736;0.561146109809654;0.5429035697017671;0.5674765949093283;0.5643756885715793;0.5661970595284956;0.5704489627078375;0.5584168567587782;0.5423094136439859
External Fragmentation Per Link;4;<1-2>; ;0.46452507880873;0.44846529452326844;0.45818695205991705;0.4456791148236427;0.44728812978275395;0.4446067297138182;0.4551503511949644;0.46170218770784266;0.4709367646856086;0.44830245501854277
External Fragmentation Per Link;4;<2-1>; ;0.46133240397708697;0.4446735166898369;0.4440649482390318;0.45272710732318094;0.4301874037876008;0.4595789634399232;0.4506627257468821;0.46432185492030287;0.465965264794304;0.4353715795623185
External Fragmentation Per Link;4;<1-3>; ;0.32833093815367975;0.31314998589827076;0.30706644596140303;0.3201846008026812;0.3029510243059637;0.3239947540393775;0.29743730717111566;0.3058333945557095;0.30970213827155263;0.3044335482082414
External Fragmentation Per Link;4;<3-1>; ;0.3466919698219805;0.3248729927675766;0.3509569268085176;0.33299033420775015;0.33778392573416627;0.329522627711038;0.32277238726120605;0.3540306862488664;0.34605970810672;0.3249775892014531
External Fragmentation Per Link;4;<2-3>; ;0.46158011411753025;0.4513579190597325;0.46794198496659967;0.45171446871104887;0.47623624339316295;0.45598094784579657;0.4498939679155794;0.4787448525344943;0.4576891363838156;0.45582474790114125
External Fragmentation Per Link;4;<3-2>; ;0.4728858829720369;0.4611526161130831;0.45224634247040235;0.4469664897601868;0.45709234802082677;0.46300819887753564;0.451960334826288;0.4632906876582548;0.4606458257323485;0.4415924456814458
External Fragmentation Per Link;4;<13-9>; ;0.482845511047813;0.49871162565375543;0.4915002530011843;0.48298682753883065;0.4895730967345621;0.49120017799771293;0.4701856288192312;0.48689789696711666;0.4842927259929231;0.5061423020942887
External Fragmentation Per Link;4;<2-4>; ;0.5733311625216868;0.5533244554742298;0.5684996226481707;0.5549159141863091;0.5442198588110305;0.5721913098938518;0.5548107727193708;0.5648978211427834;0.5537518096923159;0.5689555096874314
External Fragmentation Per Link;4;<4-2>; ;0.5773199893375743;0.553244365123951;0.5631169213856456;0.5429398926969156;0.5765713062297645;0.5597234552387405;0.5616923304851237;0.5749547961757431;0.5584470129085797;0.5497524408845144
External Fragmentation Per Link;4;<12-9>; ;0.5231099830715561;0.5068687067388162;0.5040541933926779;0.5037743119818994;0.5154464393561503;0.5133396459176618;0.5145116023410682;0.5149422726233754;0.49801758310600325;0.5119169348647569
External Fragmentation Per Link;4;<14-6>; ;0.4498279513297191;0.4357652567188378;0.43932631741838474;0.4354737057297686;0.4387626797253056;0.4415297612897455;0.4420741166670143;0.4453764477105816;0.45231325493559915;0.4456830052722577
External Fragmentation Per Link;4;<1-8>; ;0.4964218844076726;0.48335991280986285;0.4903707669355312;0.49154351406075303;0.46313560622192196;0.48284139441959617;0.4725446636439259;0.49443908957703;0.47416468596492;0.47099034484266283
External Fragmentation Per Link;4;<3-6>; ;0.4340508561587787;0.4315906908650233;0.4269938033868816;0.4245169052538084;0.4180356535852911;0.4368672551145222;0.3983239932616476;0.4352168786710809;0.4155979338863956;0.4221818293284271
External Fragmentation Per Link;4;<4-5>; ;0.5243302966916601;0.5064480749172843;0.5303404568028662;0.5035395088899297;0.5121806969750518;0.5234213252123838;0.5075222149089832;0.532777517400681;0.5062013442353221;0.5183325164220539
External Fragmentation Per Link;4;<5-4>; ;0.5422724391087217;0.5149174363086024;0.5317037710714821;0.4957502769874688;0.5268338412393432;0.5099751851361161;0.5120077448496524;0.5256050084263943;0.51558282207421;0.5231182314404713
External Fragmentation Per Link;4;<6-3>; ;0.44611810801960833;0.41092028047984175;0.43267282726645234;0.4122224084124799;0.4195037309553071;0.4221314461173132;0.42291545209215337;0.4305307073115145;0.432994689138319;0.4340788139052128
External Fragmentation Per Link;4;<8-1>; ;0.4715524894991491;0.4827303051136363;0.4836164807728251;0.4765120298613892;0.458466992928758;0.47170393818198836;0.4806966484996325;0.4737132183966554;0.4781432938838502;0.4749426916427135
External Fragmentation Per Link;4;<10-9>; ;0.44886969106998137;0.4423425127283921;0.42698541238210475;0.43100283024179353;0.43250862914018146;0.4534867409681936;0.43148677181060585;0.43001980210046964;0.4234526698294315;0.43032723903641124
External Fragmentation Per Link;4;<5-6>; ;0.4045368944433505;0.39661453655337464;0.40363589085478724;0.39578275059218154;0.38772866806160367;0.40076596349146915;0.39129961737048996;0.3919540989698608;0.37745271175709877;0.3984931043848133
External Fragmentation Per Link;4;<6-5>; ;0.4095873513858014;0.39039080931042736;0.3938288088529023;0.4076447733701692;0.38890199751885807;0.39849469734057635;0.40901449275331525;0.3922518186737237;0.38967519900447317;0.3952233220450049
External Fragmentation Per Link;4;<10-7>; ;0.4557731452406488;0.45742761664096593;0.45182619949559677;0.45549142872143145;0.4443875552588865;0.4547546935278845;0.4464971336126957;0.45715307029474106;0.4578359816023635;0.4437602064359411
External Fragmentation Per Link;4;<5-7>; ;0.5325529160330978;0.5178560205973339;0.5329039215024609;0.5251249715068126;0.5205540121734191;0.539203519339692;0.5182373798626965;0.5456789789679688;0.5262834434250381;0.5190988467891138
External Fragmentation Per Link;4;<7-5>; ;0.5485607084884802;0.5191366405443957;0.5246627408848863;0.5056104022271962;0.5293034536242379;0.5234209072645181;0.5157879329341067;0.5277910223634993;0.5196429341891623;0.5310942929794388
External Fragmentation Per Link;4;<10-6>; ;0.45926620333720136;0.4285833156650604;0.45546005678815943;0.4351252143803312;0.4371719225440467;0.4397352730114181;0.4311665581533819;0.44838929342464623;0.43924216281191547;0.46604187739952246
External Fragmentation Per Link;4;<13-11>; ;0.5932077445874948;0.5825967808652874;0.5657220517129825;0.5631556318239416;0.5669776561686549;0.5852769134144448;0.5714420155430983;0.5825127895935303;0.5758754155699425;0.5588155878343957
External Fragmentation Per Link;4;<7-8>; ;0.5154292621740306;0.5045977513274348;0.5124133006377253;0.5149928779902582;0.5110875229837488;0.5251781566016485;0.5106637550633618;0.5262843457697626;0.5144212561363963;0.5098036178720226
External Fragmentation Per Link;4;<8-7>; ;0.5334734372882544;0.5133963021303224;0.5085735089183834;0.5019268217884378;0.5280529680946483;0.5285185463180917;0.505392576961523;0.5148238932994417;0.5076598112554922;0.5189931090268461
External Fragmentation Per Link;4;<13-14>; ;0.5014980655098099;0.4959078250437105;0.5103376637452214;0.48488101170124087;0.4937345152752781;0.49900409030885085;0.4974320553577126;0.48807629419106463;0.5035386376438884;0.4881639604196367
External Fragmentation Per Link;4;<8-9>; ;0.5225437407815743;0.507842272162734;0.5279485833071484;0.5171879942013163;0.5118144741273816;0.523353731301746;0.5049507282886619;0.5211217128830101;0.5107775949218597;0.509948637835572
External Fragmentation Per Link;4;<9-8>; ;0.5236123381016772;0.5171040581876902;0.5177495677671732;0.5057005881325812;0.520008574899082;0.5170140945940103;0.5144748066418994;0.5131375444159119;0.5063451184522018;0.5252058976116909
External Fragmentation Per Link;4;<11-13>; ;0.5376569536684527;0.547852814318942;0.5440640534550125;0.5390561130854297;0.5312407524235463;0.5534286552518715;0.5289573244738166;0.5443234172942545;0.5392275744035968;0.5443849329609802
External Fragmentation Per Link;4;<11-12>; ;0.5984145389734183;0.5887560171182532;0.593382147520006;0.598601066510998;0.5938441972281162;0.6006098797596884;0.5978878714141974;0.6014215074158248;0.5926755371006147;0.6012927639920513
External Fragmentation Per Link;4;<9-10>; ;0.44359166815703904;0.4184306524871915;0.42694033771886897;0.4334786209398784;0.4201373282606097;0.4263799140666518;0.4148740821151998;0.4288693182150446;0.4270961170818923;0.4460034359347504
External Fragmentation Per Link;4;<7-10>; ;0.46092069775515593;0.4486849160379042;0.4601675898006524;0.45003928634031676;0.4470323879344451;0.4511723572266014;0.4501132685433281;0.45792564550477133;0.4401306082324982;0.4495665447071643
External Fragmentation Per Link;4;<9-13>; ;0.5046961692361122;0.49904108442456924;0.5088873072460391;0.4905163591836208;0.48227429757097573;0.5034175882705234;0.4895135662231699;0.48821965563308617;0.4889393774203172;0.4926383717499214
External Fragmentation Per Link;4;<9-12>; ;0.5277348630833335;0.5142378767804726;0.5158043633770051;0.5138474194675448;0.5064364397979554;0.5111308806641466;0.49804414766510924;0.5174509649404205;0.4948820642211845;0.506308681852307
External Fragmentation Per Link;5;<14-12>; ;0.5553449371260828;0.5387080580614261;0.5279053077381528;0.5431604431241976;0.5471631477168654;0.5490613792281145;0.5355651954777944;0.5410845468138156;0.5377232985811455;0.5435535644907267
External Fragmentation Per Link;5;<4-11>; ;0.6393323819807866;0.6379706894287046;0.6267649439659784;0.6347237484337932;0.6301187078739273;0.6296445077060281;0.6413128502217497;0.6406893272837868;0.634370638717372;0.624490193046061
External Fragmentation Per Link;5;<6-14>; ;0.5104906853423519;0.5065886019579783;0.5188175100409087;0.4941775223099182;0.5054068503299295;0.5034841194485873;0.4781920346880735;0.5091995138809194;0.5051705645116007;0.5162726751808018
External Fragmentation Per Link;5;<12-11>; ;0.6239734660086383;0.6317240173148411;0.6291323131391202;0.629037761619717;0.6412753054523462;0.6414929080981489;0.6461510632278478;0.6368401994648522;0.6336428033505123;0.6299848601933823
External Fragmentation Per Link;5;<12-14>; ;0.5692280806491591;0.5906348676927579;0.5863353647987043;0.5987201297972146;0.583188652984506;0.5891900133917152;0.5903953353623612;0.5931951022567478;0.5824826105540056;0.5730077273385946
External Fragmentation Per Link;5;<14-13>; ;0.604152482996304;0.5967031124299034;0.6137883606257709;0.59250908449102;0.6118885469021885;0.5993300381686136;0.6006901930899369;0.5989369689435798;0.6139407544959348;0.5927722876872061
External Fragmentation Per Link;5;<6-10>; ;0.5225637887850776;0.5297488190742825;0.5153464366392907;0.5225904827699924;0.5353102428242376;0.5243528858212242;0.5120108471548069;0.5178055613863026;0.5173797777032628;0.5149938119235679
External Fragmentation Per Link;5;<11-4>; ;0.6286435550846647;0.6296690093854183;0.6269027756419746;0.6408100104975193;0.6373235202799787;0.6388951171953574;0.6355215854899194;0.6339150153693649;0.6367235661116465;0.6400703875342062
External Fragmentation Per Link;5;<1-2>; ;0.48692158974498423;0.5026553590172699;0.5116065967988137;0.5095023992261913;0.4913159329614673;0.49542148326709995;0.5077190811433182;0.4983234741584292;0.5216799403503097;0.5011074473528534
External Fragmentation Per Link;5;<2-1>; ;0.5147928645996152;0.4974146655634806;0.5004472693177394;0.4956371288048484;0.49784896027188325;0.49532297119061364;0.4732235894940223;0.5101258135193563;0.505812086264357;0.48355688063087815
External Fragmentation Per Link;5;<1-3>; ;0.36551787688053367;0.3701889744477608;0.36348951927212425;0.37231621923990504;0.378307880017502;0.36482077282663505;0.3586121650461055;0.3839996478611351;0.3888734728584655;0.3690175670849772
External Fragmentation Per Link;5;<3-1>; ;0.38356164754460664;0.3887557833285719;0.3706259378398729;0.4089666897625892;0.37325600668211506;0.3892636197529933;0.3955757861099623;0.40062565107730813;0.3973558270069762;0.371513761293834
External Fragmentation Per Link;5;<2-3>; ;0.504759630063906;0.5188024171676814;0.5155570017795889;0.5348365832778081;0.5220309161533924;0.5295536532737336;0.5156949053447318;0.5172815039856877;0.5100282239082302;0.521079427760485
External Fragmentation Per Link;5;<3-2>; ;0.5197684987943597;0.518618968417971;0.5110218230551367;0.5085441834322095;0.5218407665578979;0.5259771166198358;0.5156362938686134;0.5156079669056269;0.5253977813345647;0.5150796036725683
External Fragmentation Per Link;5;<13-9>; ;0.5537810031386149;0.5570862359230084;0.5600374234816864;0.5614380700639999;0.559225597934555;0.5653195355834618;0.5735641637367314;0.565230594475802;0.5570773503366978;0.5512834371464593
External Fragmentation Per Link;5;<2-4>; ;0.6352716757345966;0.6315251631616613;0.6323905532958122;0.6377131838720401;0.6313561432916045;0.6196547192808529;0.6332089013363976;0.6315085440490816;0.6333225374374083;0.6190659678616849
External Fragmentation Per Link;5;<4-2>; ;0.623607100869189;0.6280154071553632;0.619978982619377;0.6285831150608473;0.636089174938448;0.6355818828995494;0.6349611633811857;0.6273310245742293;0.6303400213030851;0.6336092142803553
External Fragmentation Per Link;5;<12-9>; ;0.5750590141091181;0.5812966754731914;0.5790165233942115;0.5972659787540483;0.5858512296563717;0.5813122012050175;0.5948430111761899;0.5723236040913418;0.5834910674694535;0.5923559395408549
External Fragmentation Per Link;5;<14-6>; ;0.4958407535923928;0.5032585626032656;0.5127473614380904;0.5230713063209751;0.5225986907862302;0.5276380903296065;0.5163969128429406;0.4983591121109236;0.487871099010459;0.5207357329588843
External Fragmentation Per Link;5;<1-8>; ;0.5406408653738582;0.5582582149510144;0.5564425912348769;0.5513867301489724;0.5492603398060257;0.5532989203437936;0.551799945680378;0.5617116585956325;0.5600710611539199;0.5485972795018766
External Fragmentation Per Link;5;<3-6>; ;0.5177279434618873;0.5267882662185479;0.5022251233769592;0.5044786169052355;0.532068935762423;0.5125081104430117;0.4889549483963139;0.5135300112605719;0.5232774905856061;0.5059187424411438
External Fragmentation Per Link;5;<4-5>; ;0.5879705646707756;0.5831923058550104;0.586423193021529;0.5867722704447588;0.59535423920277;0.595123856836373;0.5853102728333368;0.5758574195182155;0.5777579254529951;0.5734783431549736
External Fragmentation Per Link;5;<5-4>; ;0.5734920323541868;0.5831250800311317;0.5744606879579947;0.5997457541717788;0.5984897117430754;0.5869696306947074;0.5929438475183921;0.5770250499709992;0.5867019627655391;0.5899942894690369
External Fragmentation Per Link;5;<6-3>; ;0.5023539506957462;0.519525203299591;0.5098999248102037;0.5280898297958634;0.5327505573381717;0.5390901031661268;0.5228086391501885;0.517195640746528;0.5090819370151193;0.5154791777802251
External Fragmentation Per Link;5;<8-1>; ;0.5375353321122258;0.5473038290131218;0.5350718603004726;0.5411871038797266;0.5221555518752844;0.5505225023434974;0.5429181320739022;0.5381716717763992;0.5502876878488118;0.5304213447447111
External Fragmentation Per Link;5;<10-9>; ;0.5022994591347502;0.499409994116317;0.5028195451415944;0.5079988767193904;0.5096886917380945;0.5089037358101027;0.5043782370299771;0.5024181208107432;0.501354849373264;0.48879637535353365
External Fragmentation Per Link;5;<5-6>; ;0.4632008149935304;0.4680402604897442;0.4669735591847724;0.4650783253232338;0.4816568653247794;0.48523004164433153;0.4623732711079734;0.4779390967634823;0.4548423980487742;0.45836530517996743
External Fragmentation Per Link;5;<6-5>; ;0.45204541954880323;0.46126269659046204;0.45154764794297103;0.46605440839764983;0.4815835426711654;0.45766870314918323;0.4654845870469119;0.4729343219706112;0.46512313733041655;0.469391759251829
External Fragmentation Per Link;5;<10-7>; ;0.5179273986632367;0.5239062614116201;0.5159121583278987;0.5241490440761416;0.5401207931227127;0.522329213523618;0.5310454017797474;0.5132871835287116;0.5109167699589416;0.5178101743337338
External Fragmentation Per Link;5;<5-7>; ;0.597426750473012;0.5925054505101459;0.5922327309245405;0.597473167722303;0.5923612096246816;0.5956739607616218;0.5947057442803612;0.5993330221843737;0.5875069022810447;0.5816157893722714
External Fragmentation Per Link;5;<7-5>; ;0.5850163315572948;0.5924846095856108;0.5855740134507822;0.6032680102332248;0.6079538722349425;0.5979341561784998;0.6103560438598715;0.5894742179562465;0.5948598032791043;0.5996141432676318
External Fragmentation Per Link;5;<10-6>; ;0.508707159456486;0.5307985789061163;0.510549816056351;0.5306047616549396;0.525991759307831;0.5260863951621209;0.5255472666290847;0.5136607857076702;0.5183075644127554;0.5118561459796889
External Fragmentation Per Link;5;<13-11>; ;0.632987754409786;0.6243328367208806;0.6331025422455708;0.6307266409928107;0.6302631139198897;0.6299610545808;0.6272323484485326;0.6342451682015989;0.6241051334595074;0.6265512087549805
External Fragmentation Per Link;5;<7-8>; ;0.5804110508579535;0.5769566097563649;0.5784227436039613;0.5878506743698322;0.5810573496828513;0.578718089850124;0.6001475107598839;0.5785297600714645;0.5725438243020605;0.5726650054724193
External Fragmentation Per Link;5;<8-7>; ;0.5843914788671335;0.5766703178581849;0.5595725199335745;0.5924053823478947;0.5855417956556118;0.5868567674017756;0.5916115260289367;0.5794982502963305;0.5790503373782543;0.5807032112687565
External Fragmentation Per Link;5;<13-14>; ;0.5473336309197613;0.5749695159919722;0.5701157744989562;0.5772116106724556;0.5600348733917135;0.5789720937270734;0.575373643479489;0.5633597032546727;0.5552862918563538;0.5640749390049355
External Fragmentation Per Link;5;<8-9>; ;0.5948366929899904;0.5970684459999751;0.5940486844687871;0.6015114823002272;0.591631025630659;0.5900837572041662;0.6187249758719852;0.5991188933660677;0.6022708736162506;0.5943576420309499
External Fragmentation Per Link;5;<9-8>; ;0.5867156863561607;0.5930012480910737;0.577207167980231;0.6041911102847113;0.6007037919096411;0.598986087613181;0.605672887284169;0.5956122952681197;0.6025422154525639;0.5941338195792201
External Fragmentation Per Link;5;<11-13>; ;0.6045479864491953;0.5957366327335665;0.6031646368657412;0.6151976066174215;0.5882836899575846;0.6045492714510539;0.6062405541668056;0.6025940722744677;0.590392680553289;0.5993730825592173
External Fragmentation Per Link;5;<11-12>; ;0.6569354658255584;0.645276525552407;0.6533237959563483;0.6549871929853692;0.6508514368988823;0.6583061580858482;0.661735010399965;0.6541554130615969;0.6652741019412581;0.6475420643960486
External Fragmentation Per Link;5;<9-10>; ;0.4950234236315881;0.5098210681584718;0.5003676756875849;0.514638648578759;0.49330614177033644;0.519105997494972;0.5082940913332509;0.5029173027329179;0.5005285400147784;0.49870045916588446
External Fragmentation Per Link;5;<7-10>; ;0.5059162026306412;0.5038485356268745;0.5183833433537651;0.5121558899055588;0.5139871614932874;0.5237311541059702;0.5176659122416792;0.521822625778003;0.5233550819388249;0.49894498190508196
External Fragmentation Per Link;5;<9-13>; ;0.5545258966174588;0.5674050359728215;0.5671828442547642;0.5681672258940345;0.5736510885132176;0.5534977654367941;0.58192782231005;0.5712119207505953;0.5644439965424538;0.560379728308758
External Fragmentation Per Link;5;<9-12>; ;0.5647725668432035;0.5816688069505173;0.5758219492321237;0.5770295175676103;0.5804277305073947;0.5876781007885448;0.5957061024669899;0.5836364290536343;0.5778748882119266;0.570936544999611


